"codigo","numero","imagen_url","titulo","resumen","bloque","publicado","fecha_publicacion","id","created_date","updated_date","created_by_id","is_sample"
"RETIE-061","61","","Instalaciones en hospitales y clínicas","","Áreas y condiciones especiales","false","","6aad1ce717037f41d6acc820","2026-09-18T11:13:43.740000","2026-09-18T11:13:43.740000","6aad1aa046076767471abb68","false"
"RETIE-099","99","","Documentación técnica del proyecto","","Inspección, certificación y documentación","false","","6aad1ce717037f41d6acc846","2026-09-18T11:13:43.740000","2026-09-18T11:13:43.740000","6aad1aa046076767471abb68","false"
"RETIE-041","41","https://media.base44.com/images/public/6aad1a9c46076767471abb66/686e17446_generated_image.png","Conductores y cables: tipos y clases","","Conductores, canalizaciones y tableros","true","2026-12-03","6aad1ce717037f41d6acc80c","2026-09-18T11:13:43.740000","2026-09-18T11:37:14.716000","6aad1aa046076767471abb68","false"
"RETIE-044","44","https://media.base44.com/images/public/6aad1a9c46076767471abb66/2620c877e_generated_image.png","Empalmes y terminaciones","","Conductores, canalizaciones y tableros","true","2026-12-09","6aad1ce717037f41d6acc80f","2026-09-18T11:13:43.740000","2026-09-18T11:37:14.716000","6aad1aa046076767471abb68","false"
"RETIE-030","30","https://media.base44.com/images/public/6aad1a9c46076767471abb66/5843e921a_generated_image.png","Acometidas en edificaciones multifamiliares","","Acometidas y suministro","true","2026-11-11","6aad1ce717037f41d6acc801","2026-09-18T11:13:43.740000","2026-09-18T11:37:14.716000","6aad1aa046076767471abb68","false"
"RETIE-037","37","https://media.base44.com/images/public/6aad1a9c46076767471abb66/5818456af_generated_image.png","Unión equipotencial principal","","Puesta a tierra y protecciones","true","2026-11-25","6aad1ce717037f41d6acc808","2026-09-18T11:13:43.740000","2026-09-18T11:37:14.716000","6aad1aa046076767471abb68","false"
"RETIE-056","56","","Transformadores de distribución","","Equipos y productos eléctricos","false","","6aad1ce717037f41d6acc81b","2026-09-18T11:13:43.740000","2026-09-18T11:13:43.740000","6aad1aa046076767471abb68","false"
"RETIE-070","70","","Instalaciones en vivienda de interés social","","Áreas y condiciones especiales","false","","6aad1ce717037f41d6acc829","2026-09-18T11:13:43.740000","2026-09-18T11:13:43.740000","6aad1aa046076767471abb68","false"
"RETIE-088","88","","Mantenimiento predictivo y termografía","","Procesos: diseño, construcción y mantenimiento","false","","6aad1ce717037f41d6acc83b","2026-09-18T11:13:43.740000","2026-09-18T11:13:43.740000","6aad1aa046076767471abb68","false"
"RETIE-094","94","","Protocolos de prueba y medición","","Inspección, certificación y documentación","false","","6aad1ce717037f41d6acc841","2026-09-18T11:13:43.740000","2026-09-18T11:13:43.740000","6aad1aa046076767471abb68","false"
"RETIE-029","29","https://media.base44.com/images/public/6aad1a9c46076767471abb66/45f92c7a3_generated_image.png","Cruzamientos y paralelismos con otras redes","","Acometidas y suministro","true","2026-11-09","6aad1ce717037f41d6acc800","2026-09-18T11:13:43.740000","2026-09-18T11:37:14.716000","6aad1aa046076767471abb68","false"
"RETIE-053","53","","Interruptores de falla a tierra (GFCI)","","Equipos y productos eléctricos","false","","6aad1ce717037f41d6acc818","2026-09-18T11:13:43.740000","2026-09-18T11:13:43.740000","6aad1aa046076767471abb68","false"
"RETIE-028","28","https://media.base44.com/images/public/6aad1a9c46076767471abb66/2d612d17c_generated_image.png","Distancias a edificaciones, vías y andenes","","Acometidas y suministro","true","2026-11-07","6aad1ce717037f41d6acc7ff","2026-09-18T11:13:43.740000","2026-09-18T11:37:14.716000","6aad1aa046076767471abb68","false"
"RETIE-038","38","https://media.base44.com/images/public/6aad1a9c46076767471abb66/f46628848_generated_image.png","Unión equipotencial suplementaria","","Puesta a tierra y protecciones","true","2026-11-27","6aad1ce717037f41d6acc809","2026-09-18T11:13:43.740000","2026-09-18T11:37:14.716000","6aad1aa046076767471abb68","false"
"RETIE-039","39","https://media.base44.com/images/public/6aad1a9c46076767471abb66/13456944c_generated_image.png","Sistema de protección contra rayos","","Puesta a tierra y protecciones","true","2026-11-29","6aad1ce717037f41d6acc80a","2026-09-18T11:13:43.740000","2026-09-18T11:37:14.716000","6aad1aa046076767471abb68","false"
"RETIE-051","51","","Productos eléctricos sujetos a certificación","","Equipos y productos eléctricos","false","","6aad1ce717037f41d6acc816","2026-09-18T11:13:43.740000","2026-09-18T11:13:43.740000","6aad1aa046076767471abb68","false"
"RETIE-065","65","","Instalaciones en ganadería y establos","","Áreas y condiciones especiales","false","","6aad1ce717037f41d6acc824","2026-09-18T11:13:43.740000","2026-09-18T11:13:43.740000","6aad1aa046076767471abb68","false"
"RETIE-087","87","","Mantenimiento preventivo","","Procesos: diseño, construcción y mantenimiento","false","","6aad1ce717037f41d6acc83a","2026-09-18T11:13:43.740000","2026-09-18T11:13:43.740000","6aad1aa046076767471abb68","false"
"RETIE-092","92","","Inspección visual","","Inspección, certificación y documentación","false","","6aad1ce717037f41d6acc83f","2026-09-18T11:13:43.740000","2026-09-18T11:13:43.740000","6aad1aa046076767471abb68","false"
"RETIE-063","63","","Instalaciones en zonas húmedas y mojadas","","Áreas y condiciones especiales","false","","6aad1ce717037f41d6acc822","2026-09-18T11:13:43.740000","2026-09-18T11:13:43.740000","6aad1aa046076767471abb68","false"
"RETIE-075","75","","Almacenamiento con baterías (BESS)","","Generación, renovables y movilidad eléctrica","false","","6aad1ce717037f41d6acc82e","2026-09-18T11:13:43.740000","2026-09-18T11:13:43.740000","6aad1aa046076767471abb68","false"
"RETIE-086","86","","Operación de instalaciones eléctricas","","Procesos: diseño, construcción y mantenimiento","false","","6aad1ce717037f41d6acc839","2026-09-18T11:13:43.740000","2026-09-18T11:13:43.740000","6aad1aa046076767471abb68","false"
"RETIE-090","90","","Programa de seguridad eléctrica","","Procesos: diseño, construcción y mantenimiento","false","","6aad1ce717037f41d6acc83d","2026-09-18T11:13:43.740000","2026-09-18T11:13:43.740000","6aad1aa046076767471abb68","false"
"RETIE-098","98","","Declaración de cumplimiento y responsable técnico","","Inspección, certificación y documentación","false","","6aad1ce717037f41d6acc845","2026-09-18T11:13:43.740000","2026-09-18T11:13:43.740000","6aad1aa046076767471abb68","false"
"RETIE-050","50","https://media.base44.com/images/public/6aad1a9c46076767471abb66/59d62b092_generated_image.png","Tablero general y centro de carga","","Conductores, canalizaciones y tableros","true","2026-12-21","6aad1ce717037f41d6acc815","2026-09-18T11:13:43.740000","2026-09-18T11:37:32.004000","6aad1aa046076767471abb68","false"
"RETIE-059","59","","Bancos de condensadores y factor de potencia","","Equipos y productos eléctricos","false","","6aad1ce717037f41d6acc81e","2026-09-18T11:13:43.740000","2026-09-18T11:13:43.740000","6aad1aa046076767471abb68","false"
"RETIE-068","68","","Instalaciones en altura y zonas de difícil acceso","","Áreas y condiciones especiales","false","","6aad1ce717037f41d6acc827","2026-09-18T11:13:43.740000","2026-09-18T11:13:43.740000","6aad1aa046076767471abb68","false"
"RETIE-083","83","","Planos y diagramas unifilares","","Procesos: diseño, construcción y mantenimiento","false","","6aad1ce717037f41d6acc836","2026-09-18T11:13:43.740000","2026-09-18T11:13:43.740000","6aad1aa046076767471abb68","false"
"RETIE-093","93","","Inspección con instrumentos","","Inspección, certificación y documentación","false","","6aad1ce717037f41d6acc840","2026-09-18T11:13:43.740000","2026-09-18T11:13:43.740000","6aad1aa046076767471abb68","false"
"RETIE-097","97","","Certificado de conformidad de la instalación","","Inspección, certificación y documentación","false","","6aad1ce717037f41d6acc844","2026-09-18T11:13:43.740000","2026-09-18T11:13:43.740000","6aad1aa046076767471abb68","false"
"RETIE-031","31","https://media.base44.com/images/public/6aad1a9c46076767471abb66/90e1320ab_generated_image.png","Objetivo del sistema de puesta a tierra","","Puesta a tierra y protecciones","true","2026-11-13","6aad1ce717037f41d6acc802","2026-09-18T11:13:43.740000","2026-09-18T11:37:14.716000","6aad1aa046076767471abb68","false"
"RETIE-040","40","https://media.base44.com/images/public/6aad1a9c46076767471abb66/6605bc259_generated_image.png","Dispositivos de protección contra sobretensiones (DPS)","","Puesta a tierra y protecciones","true","2026-12-01","6aad1ce717037f41d6acc80b","2026-09-18T11:13:43.740000","2026-09-18T11:37:14.716000","6aad1aa046076767471abb68","false"
"RETIE-067","67","","Instalaciones temporales y de obra","","Áreas y condiciones especiales","false","","6aad1ce717037f41d6acc826","2026-09-18T11:13:43.740000","2026-09-18T11:13:43.740000","6aad1aa046076767471abb68","false"
"RETIE-078","78","","Estaciones de carga para vehículos eléctricos","","Generación, renovables y movilidad eléctrica","false","","6aad1ce717037f41d6acc831","2026-09-18T11:13:43.740000","2026-09-18T11:13:43.740000","6aad1aa046076767471abb68","false"
"RETIE-085","85","","Supervisión técnica de obra","","Procesos: diseño, construcción y mantenimiento","false","","6aad1ce717037f41d6acc838","2026-09-18T11:13:43.740000","2026-09-18T11:13:43.740000","6aad1aa046076767471abb68","false"
"RETIE-042","42","https://media.base44.com/images/public/6aad1a9c46076767471abb66/7e119d0b5_generated_image.png","Ampacidad y factores de corrección","","Conductores, canalizaciones y tableros","true","2026-12-05","6aad1ce717037f41d6acc80d","2026-09-18T11:13:43.740000","2026-09-18T11:37:14.716000","6aad1aa046076767471abb68","false"
"RETIE-057","57","","Subestaciones de media tensión","","Equipos y productos eléctricos","false","","6aad1ce717037f41d6acc81c","2026-09-18T11:13:43.740000","2026-09-18T11:13:43.740000","6aad1aa046076767471abb68","false"
"RETIE-062","62","","Instalaciones en piscinas y fuentes","","Áreas y condiciones especiales","false","","6aad1ce717037f41d6acc821","2026-09-18T11:13:43.740000","2026-09-18T11:13:43.740000","6aad1aa046076767471abb68","false"
"RETIE-076","76","","Generadores de emergencia","","Generación, renovables y movilidad eléctrica","false","","6aad1ce717037f41d6acc82f","2026-09-18T11:13:43.740000","2026-09-18T11:13:43.740000","6aad1aa046076767471abb68","false"
"RETIE-096","96","","Certificación RETIE de productos","","Inspección, certificación y documentación","false","","6aad1ce717037f41d6acc843","2026-09-18T11:13:43.740000","2026-09-18T11:13:43.740000","6aad1aa046076767471abb68","false"
"RETIE-035","35","https://media.base44.com/images/public/6aad1a9c46076767471abb66/f02204b0a_generated_image.png","Barraje principal de puesta a tierra","","Puesta a tierra y protecciones","true","2026-11-21","6aad1ce717037f41d6acc806","2026-09-18T11:13:43.740000","2026-09-18T11:37:14.716000","6aad1aa046076767471abb68","false"
"RETIE-036","36","https://media.base44.com/images/public/6aad1a9c46076767471abb66/d67081a6f_generated_image.png","Puesta a tierra de equipos y masas","","Puesta a tierra y protecciones","true","2026-11-23","6aad1ce717037f41d6acc807","2026-09-18T11:13:43.740000","2026-09-18T11:37:14.716000","6aad1aa046076767471abb68","false"
"RETIE-058","58","","Motores eléctricos y arrancadores","","Equipos y productos eléctricos","false","","6aad1ce717037f41d6acc81d","2026-09-18T11:13:43.740000","2026-09-18T11:13:43.740000","6aad1aa046076767471abb68","false"
"RETIE-064","64","","Instalaciones en atmósferas explosivas","","Áreas y condiciones especiales","false","","6aad1ce717037f41d6acc823","2026-09-18T11:13:43.740000","2026-09-18T11:13:43.740000","6aad1aa046076767471abb68","false"
"RETIE-077","77","","Transferencia automática de carga","","Generación, renovables y movilidad eléctrica","false","","6aad1ce717037f41d6acc830","2026-09-18T11:13:43.740000","2026-09-18T11:13:43.740000","6aad1aa046076767471abb68","false"
"RETIE-082","82","","Memorias de cálculo","","Procesos: diseño, construcción y mantenimiento","false","","6aad1ce717037f41d6acc835","2026-09-18T11:13:43.740000","2026-09-18T11:13:43.740000","6aad1aa046076767471abb68","false"
"RETIE-049","49","https://media.base44.com/images/public/6aad1a9c46076767471abb66/f73610fea_generated_image.png","Tableros de distribución","","Conductores, canalizaciones y tableros","true","2026-12-19","6aad1ce717037f41d6acc814","2026-09-18T11:13:43.740000","2026-09-18T11:37:32.004000","6aad1aa046076767471abb68","false"
"RETIE-060","60","","Equipos de medida y monitoreo","","Equipos y productos eléctricos","false","","6aad1ce717037f41d6acc81f","2026-09-18T11:13:43.740000","2026-09-18T11:13:43.740000","6aad1aa046076767471abb68","false"
"RETIE-066","66","","Instalaciones en lugares de reunión pública","","Áreas y condiciones especiales","false","","6aad1ce717037f41d6acc825","2026-09-18T11:13:43.740000","2026-09-18T11:13:43.740000","6aad1aa046076767471abb68","false"
"RETIE-084","84","","Construcción y montaje de la instalación","","Procesos: diseño, construcción y mantenimiento","false","","6aad1ce717037f41d6acc837","2026-09-18T11:13:43.740000","2026-09-18T11:13:43.740000","6aad1aa046076767471abb68","false"
"RETIE-069","69","","Instalaciones en ambientes corrosivos","","Áreas y condiciones especiales","false","","6aad1ce717037f41d6acc828","2026-09-18T11:13:43.740000","2026-09-18T11:13:43.740000","6aad1aa046076767471abb68","false"
"RETIE-033","33","https://media.base44.com/images/public/6aad1a9c46076767471abb66/a5971e75d_generated_image.png","Cálculo de la resistencia de puesta a tierra","","Puesta a tierra y protecciones","true","2026-11-17","6aad1ce717037f41d6acc804","2026-09-18T11:13:43.740000","2026-09-18T11:37:14.716000","6aad1aa046076767471abb68","false"
"RETIE-046","46","https://media.base44.com/images/public/6aad1a9c46076767471abb66/04afd0ba2_generated_image.png","Tubería conduit y accesorios","","Conductores, canalizaciones y tableros","true","2026-12-13","6aad1ce717037f41d6acc811","2026-09-18T11:13:43.740000","2026-09-18T11:37:32.004000","6aad1aa046076767471abb68","false"
"RETIE-080","80","","Integración de renovables a la red","","Generación, renovables y movilidad eléctrica","false","","6aad1ce717037f41d6acc833","2026-09-18T11:13:43.740000","2026-09-18T11:13:43.740000","6aad1aa046076767471abb68","false"
"RETIE-089","89","","Trabajo seguro en instalaciones energizadas","","Procesos: diseño, construcción y mantenimiento","false","","6aad1ce717037f41d6acc83c","2026-09-18T11:13:43.740000","2026-09-18T11:13:43.740000","6aad1aa046076767471abb68","false"
"RETIE-091","91","","Tipos de inspección eléctrica","","Inspección, certificación y documentación","false","","6aad1ce717037f41d6acc83e","2026-09-18T11:13:43.740000","2026-09-18T11:13:43.740000","6aad1aa046076767471abb68","false"
"RETIE-100","100","","Vigilancia, control y sanciones","","Inspección, certificación y documentación","false","","6aad1ce717037f41d6acc847","2026-09-18T11:13:43.740000","2026-09-18T11:13:43.740000","6aad1aa046076767471abb68","false"
"RETIE-045","45","https://media.base44.com/images/public/6aad1a9c46076767471abb66/cca36a416_generated_image.png","Canalizaciones eléctricas: clasificación","","Conductores, canalizaciones y tableros","true","2026-12-11","6aad1ce717037f41d6acc810","2026-09-18T11:13:43.740000","2026-09-18T11:37:14.716000","6aad1aa046076767471abb68","false"
"RETIE-047","47","https://media.base44.com/images/public/6aad1a9c46076767471abb66/554ebfd5a_generated_image.png","Bandejas portacables y ductos","","Conductores, canalizaciones y tableros","true","2026-12-15","6aad1ce717037f41d6acc812","2026-09-18T11:13:43.740000","2026-09-18T11:37:32.004000","6aad1aa046076767471abb68","false"
"RETIE-048","48","https://media.base44.com/images/public/6aad1a9c46076767471abb66/e9bf85c58_generated_image.png","Cajas de paso, salidas y dispositivos","","Conductores, canalizaciones y tableros","true","2026-12-17","6aad1ce717037f41d6acc813","2026-09-18T11:13:43.740000","2026-09-18T11:37:32.004000","6aad1aa046076767471abb68","false"
"RETIE-052","52","","Interruptores automáticos de protección","","Equipos y productos eléctricos","false","","6aad1ce717037f41d6acc817","2026-09-18T11:13:43.740000","2026-09-18T11:13:43.740000","6aad1aa046076767471abb68","false"
"RETIE-055","55","","Contactores y relés de protección","","Equipos y productos eléctricos","false","","6aad1ce717037f41d6acc81a","2026-09-18T11:13:43.740000","2026-09-18T11:13:43.740000","6aad1aa046076767471abb68","false"
"RETIE-079","79","","Cargadores AC y DC: requisitos técnicos","","Generación, renovables y movilidad eléctrica","false","","6aad1ce717037f41d6acc832","2026-09-18T11:13:43.740000","2026-09-18T11:13:43.740000","6aad1aa046076767471abb68","false"
"RETIE-095","95","","Criterios de aceptación y no conformidades","","Inspección, certificación y documentación","false","","6aad1ce717037f41d6acc842","2026-09-18T11:13:43.740000","2026-09-18T11:13:43.740000","6aad1aa046076767471abb68","false"
"RETIE-032","32","https://media.base44.com/images/public/6aad1a9c46076767471abb66/1326edb4b_generated_image.png","Tipos de electrodos de puesta a tierra","","Puesta a tierra y protecciones","true","2026-11-15","6aad1ce717037f41d6acc803","2026-09-18T11:13:43.740000","2026-09-18T11:37:14.716000","6aad1aa046076767471abb68","false"
"RETIE-043","43","https://media.base44.com/images/public/6aad1a9c46076767471abb66/5f3250708_generated_image.png","Colores de identificación de conductores","","Conductores, canalizaciones y tableros","true","2026-12-07","6aad1ce717037f41d6acc80e","2026-09-18T11:13:43.740000","2026-09-18T11:37:14.716000","6aad1aa046076767471abb68","false"
"RETIE-073","73","","Sistemas fotovoltaicos de gran escala","","Generación, renovables y movilidad eléctrica","false","","6aad1ce717037f41d6acc82c","2026-09-18T11:13:43.740000","2026-09-18T11:13:43.740000","6aad1aa046076767471abb68","false"
"RETIE-074","74","","Inversores y protecciones de sistemas solares","","Generación, renovables y movilidad eléctrica","false","","6aad1ce717037f41d6acc82d","2026-09-18T11:13:43.740000","2026-09-18T11:13:43.740000","6aad1aa046076767471abb68","false"
"RETIE-081","81","","Diseño de instalaciones eléctricas","","Procesos: diseño, construcción y mantenimiento","false","","6aad1ce717037f41d6acc834","2026-09-18T11:13:43.740000","2026-09-18T11:13:43.740000","6aad1aa046076767471abb68","false"
"RETIE-034","34","https://media.base44.com/images/public/6aad1a9c46076767471abb66/186210b69_generated_image.png","Conductores del sistema de puesta a tierra","","Puesta a tierra y protecciones","true","2026-11-19","6aad1ce717037f41d6acc805","2026-09-18T11:13:43.740000","2026-09-18T11:37:14.716000","6aad1aa046076767471abb68","false"
"RETIE-054","54","","Fusibles y seccionadores","","Equipos y productos eléctricos","false","","6aad1ce717037f41d6acc819","2026-09-18T11:13:43.740000","2026-09-18T11:13:43.740000","6aad1aa046076767471abb68","false"
"RETIE-071","71","","Generación distribuida","","Generación, renovables y movilidad eléctrica","false","","6aad1ce717037f41d6acc82a","2026-09-18T11:13:43.740000","2026-09-18T11:13:43.740000","6aad1aa046076767471abb68","false"
"RETIE-072","72","","Sistemas fotovoltaicos residenciales","","Generación, renovables y movilidad eléctrica","false","","6aad1ce717037f41d6acc82b","2026-09-18T11:13:43.740000","2026-09-18T11:13:43.740000","6aad1aa046076767471abb68","false"
"RETIE-008","8","https://media.base44.com/images/public/6aad1a9c46076767471abb66/f4349659e_generated_image.png","Responsabilidades del propietario de la instalación","","Fundamentos y disposiciones generales","true","2026-09-28","6aad1ce717037f41d6acc7eb","2026-09-18T11:13:43.739000","2026-09-18T11:37:14.716000","6aad1aa046076767471abb68","false"
"RETIE-011","11","https://media.base44.com/images/public/6aad1a9c46076767471abb66/40db56ca9_generated_image.png","Requisitos de seguridad eléctrica","","Requisitos técnicos esenciales","true","2026-10-04","6aad1ce717037f41d6acc7ee","2026-09-18T11:13:43.739000","2026-09-18T11:37:14.716000","6aad1aa046076767471abb68","false"
"RETIE-006","6","https://media.base44.com/images/public/6aad1a9c46076767471abb66/9a71bb606_generated_image.png","Clasificación de las instalaciones eléctricas","","Fundamentos y disposiciones generales","true","2026-09-24","6aad1ce717037f41d6acc7e9","2026-09-18T11:13:43.739000","2026-09-18T11:37:14.716000","6aad1aa046076767471abb68","false"
"RETIE-007","7","https://media.base44.com/images/public/6aad1a9c46076767471abb66/0020f2612_generated_image.png","Instalaciones cubiertas y excluidas del RETIE","","Fundamentos y disposiciones generales","true","2026-09-26","6aad1ce717037f41d6acc7ea","2026-09-18T11:13:43.739000","2026-09-18T11:37:14.716000","6aad1aa046076767471abb68","false"
"RETIE-012","12","https://media.base44.com/images/public/6aad1a9c46076767471abb66/245285f09_generated_image.png","Protección contra contacto directo","","Requisitos técnicos esenciales","true","2026-10-06","6aad1ce717037f41d6acc7ef","2026-09-18T11:13:43.739000","2026-09-18T11:37:14.716000","6aad1aa046076767471abb68","false"
"RETIE-015","15","https://media.base44.com/images/public/6aad1a9c46076767471abb66/9849ce393_generated_image.png","Protección contra sobretensiones","","Requisitos técnicos esenciales","true","2026-10-12","6aad1ce717037f41d6acc7f2","2026-09-18T11:13:43.739000","2026-09-18T11:37:14.716000","6aad1aa046076767471abb68","false"
"RETIE-019","19","https://media.base44.com/images/public/6aad1a9c46076767471abb66/c3e6503fc_generated_image.png","Requisitos ambientales y compatibilidad electromagnética","","Requisitos técnicos esenciales","true","2026-10-20","6aad1ce717037f41d6acc7f6","2026-09-18T11:13:43.739000","2026-09-18T11:37:14.716000","6aad1aa046076767471abb68","false"
"RETIE-025","25","https://media.base44.com/images/public/6aad1a9c46076767471abb66/babd72d8f_generated_image.png","Punto de conexión y sistema de medición","","Acometidas y suministro","true","2026-11-01","6aad1ce717037f41d6acc7fc","2026-09-18T11:13:43.739000","2026-09-18T11:37:14.716000","6aad1aa046076767471abb68","false"
"RETIE-016","16","https://media.base44.com/images/public/6aad1a9c46076767471abb66/751669b0f_generated_image.png","Protección contra arcos eléctricos","","Requisitos técnicos esenciales","true","2026-10-14","6aad1ce717037f41d6acc7f3","2026-09-18T11:13:43.739000","2026-09-18T11:37:14.716000","6aad1aa046076767471abb68","false"
"RETIE-017","17","https://media.base44.com/images/public/6aad1a9c46076767471abb66/3d58df765_generated_image.png","Confiabilidad y continuidad del servicio","","Requisitos técnicos esenciales","true","2026-10-16","6aad1ce717037f41d6acc7f4","2026-09-18T11:13:43.739000","2026-09-18T11:37:14.716000","6aad1aa046076767471abb68","false"
"RETIE-002","2","https://media.base44.com/images/public/6aad1a9c46076767471abb66/e5c46d6ff_generated_image.png","Estructura del reglamento: capítulos y artículos","Mapa de navegación del reglamento: capítulos, artículos y anexos. Aprender a ubicarse dentro de esta estructura es la herramienta más útil del curso, porque todo lo que viene después se consulta por artículo.","Fundamentos y disposiciones generales","true","2026-09-16","6aad1ce717037f41d6acc7e5","2026-09-18T11:13:43.739000","2026-09-18T11:13:43.739000","6aad1aa046076767471abb68","false"
"RETIE-023","23","https://media.base44.com/images/public/6aad1a9c46076767471abb66/ad7e15588_generated_image.png","Acometidas subterráneas","","Acometidas y suministro","true","2026-10-28","6aad1ce717037f41d6acc7fa","2026-09-18T11:13:43.739000","2026-09-18T11:37:14.716000","6aad1aa046076767471abb68","false"
"RETIE-001","1","https://media.base44.com/images/public/6aad1a9c46076767471abb66/1afe1170c_generated_image.png","Objeto y campo de aplicación del RETIE","Todo el reglamento nace de una pregunta: ¿qué instalaciones están obligadas y cuáles no? El diagrama muestra el árbol de decisión que aplica el reglamento según el tipo de instalación, su tensión y su uso final. Revise con atención las exclusiones, porque de ellas depende si su proyecto requiere certificación.","Fundamentos y disposiciones generales","true","2026-09-14","6aad1ce717037f41d6acc7e4","2026-09-18T11:13:43.739000","2026-09-18T11:13:43.739000","6aad1aa046076767471abb68","false"
"RETIE-010","10","https://media.base44.com/images/public/6aad1a9c46076767471abb66/ca1183cf5_generated_image.png","Jerarquía normativa y reglamentación técnica","","Fundamentos y disposiciones generales","true","2026-10-02","6aad1ce717037f41d6acc7ed","2026-09-18T11:13:43.739000","2026-09-18T11:37:14.716000","6aad1aa046076767471abb68","false"
"RETIE-018","18","https://media.base44.com/images/public/6aad1a9c46076767471abb66/7e4d65bcb_generated_image.png","Requisitos de eficiencia energética","","Requisitos técnicos esenciales","true","2026-10-18","6aad1ce717037f41d6acc7f5","2026-09-18T11:13:43.739000","2026-09-18T11:37:14.716000","6aad1aa046076767471abb68","false"
"RETIE-009","9","https://media.base44.com/images/public/6aad1a9c46076767471abb66/025f71571_generated_image.png","Articulación con la NTC 2050 y las normas técnicas","","Fundamentos y disposiciones generales","true","2026-09-30","6aad1ce717037f41d6acc7ec","2026-09-18T11:13:43.739000","2026-09-18T11:37:14.716000","6aad1aa046076767471abb68","false"
"RETIE-022","22","https://media.base44.com/images/public/6aad1a9c46076767471abb66/1b84abf3b_generated_image.png","Acometidas aéreas","","Acometidas y suministro","true","2026-10-26","6aad1ce717037f41d6acc7f9","2026-09-18T11:13:43.739000","2026-09-18T11:37:14.716000","6aad1aa046076767471abb68","false"
"RETIE-024","24","https://media.base44.com/images/public/6aad1a9c46076767471abb66/2a0e6adc1_generated_image.png","Acometidas de media tensión","","Acometidas y suministro","true","2026-10-30","6aad1ce717037f41d6acc7fb","2026-09-18T11:13:43.739000","2026-09-18T11:37:14.716000","6aad1aa046076767471abb68","false"
"RETIE-014","14","https://media.base44.com/images/public/6aad1a9c46076767471abb66/2b42a9193_generated_image.png","Protección contra sobrecorrientes","","Requisitos técnicos esenciales","true","2026-10-10","6aad1ce717037f41d6acc7f1","2026-09-18T11:13:43.739000","2026-09-18T11:37:14.716000","6aad1aa046076767471abb68","false"
"RETIE-004","4","https://media.base44.com/images/public/6aad1a9c46076767471abb66/e7734eb46_generated_image.png","Definiciones y glosario técnico (parte 2)","","Fundamentos y disposiciones generales","true","2026-09-20","6aad1ce717037f41d6acc7e7","2026-09-18T11:13:43.739000","2026-09-18T11:37:14.716000","6aad1aa046076767471abb68","false"
"RETIE-013","13","https://media.base44.com/images/public/6aad1a9c46076767471abb66/8323f3e54_generated_image.png","Protección contra contacto indirecto","","Requisitos técnicos esenciales","true","2026-10-08","6aad1ce717037f41d6acc7f0","2026-09-18T11:13:43.739000","2026-09-18T11:37:14.716000","6aad1aa046076767471abb68","false"
"RETIE-020","20","https://media.base44.com/images/public/6aad1a9c46076767471abb66/0e803d6cb_generated_image.png","Señalización, demarcación y barreras de seguridad","","Requisitos técnicos esenciales","true","2026-10-22","6aad1ce717037f41d6acc7f7","2026-09-18T11:13:43.739000","2026-09-18T11:37:14.716000","6aad1aa046076767471abb68","false"
"RETIE-021","21","https://media.base44.com/images/public/6aad1a9c46076767471abb66/c68ce461a_generated_image.png","Componentes de una acometida","","Acometidas y suministro","true","2026-10-24","6aad1ce717037f41d6acc7f8","2026-09-18T11:13:43.739000","2026-09-18T11:37:14.716000","6aad1aa046076767471abb68","false"
"RETIE-003","3","https://media.base44.com/images/public/6aad1a9c46076767471abb66/28d7aaded_generated_image.png","Definiciones y glosario técnico (parte 1)","El reglamento define con precisión palabras que en obra se usan de forma ambigua: contacto directo, contacto indirecto, masa, elemento conductor. El diagrama compara ambos tipos de contacto y muestra dónde actúa cada protección.","Fundamentos y disposiciones generales","true","2026-09-18","6aad1ce717037f41d6acc7e6","2026-09-18T11:13:43.739000","2026-09-18T11:13:43.739000","6aad1aa046076767471abb68","false"
"RETIE-005","5","https://media.base44.com/images/public/6aad1a9c46076767471abb66/cf6fbbbb2_generated_image.png","Siglas y unidades empleadas en el reglamento","","Fundamentos y disposiciones generales","true","2026-09-22","6aad1ce717037f41d6acc7e8","2026-09-18T11:13:43.739000","2026-09-18T11:37:14.716000","6aad1aa046076767471abb68","false"
"RETIE-026","26","https://media.base44.com/images/public/6aad1a9c46076767471abb66/374cab212_generated_image.png","Cajas de inspección y registros","","Acometidas y suministro","true","2026-11-03","6aad1ce717037f41d6acc7fd","2026-09-18T11:13:43.739000","2026-09-18T11:37:14.716000","6aad1aa046076767471abb68","false"
"RETIE-027","27","https://media.base44.com/images/public/6aad1a9c46076767471abb66/c55f37d54_generated_image.png","Alturas mínimas y distancias de seguridad","","Acometidas y suministro","true","2026-11-05","6aad1ce717037f41d6acc7fe","2026-09-18T11:13:43.739000","2026-09-18T11:37:14.716000","6aad1aa046076767471abb68","false"